exp_num,sub_id,speed,word,token,VOT,vowel,closure,aspiration
Exp1,A,NA,back,1,10,200,92,130
Exp1,A,NA,back,2,5,229,172,45
Exp1,A,NA,back,3,11,186,165,123
Exp1,A,NA,back,4,7,162,146,79
Exp1,A,NA,back,5,7,177,168,74
Exp1,A,NA,pack,1,42,220,130,66
Exp1,A,NA,pack,2,56,150,172,83
Exp1,A,NA,pack,3,90,203,109,132
Exp1,A,NA,pack,4,80,153,183,50
Exp1,A,NA,pack,5,75,196,123,77
Exp1,A,NA,big,1,10,172,106,48
Exp1,A,NA,big,2,8,189,117,88
Exp1,A,NA,big,3,13,193,132,93
Exp1,A,NA,big,4,7,201,122,67
Exp1,A,NA,big,5,12,209,138,83
Exp1,A,NA,pig,1,91,170,109,160
Exp1,A,NA,pig,2,108,209,86,88
Exp1,A,NA,pig,3,88,211,106,46
Exp1,A,NA,pig,4,86,139,100,62
Exp1,A,NA,pig,5,66,163,115,33
Exp1,A,NA,bat,1,6,160,185,180
Exp1,A,NA,bat,2,7,194,138,140
Exp1,A,NA,bat,3,8,195,208,93
Exp1,A,NA,bat,4,11,159,171,165
Exp1,A,NA,bat,5,10,167,155,195
Exp1,A,NA,pat,1,46,149,133,241
Exp1,A,NA,pat,2,105,140,182,195
Exp1,A,NA,pat,3,99,162,136,217
Exp1,A,NA,pat,4,80,94,187,143
Exp1,A,NA,pat,5,75,130,189,80
Exp1,A,NA,bet,1,8,128,156,183
Exp1,A,NA,bet,2,8,116,191,230
Exp1,A,NA,bet,3,9,133,151,180
Exp1,A,NA,bet,4,9,91,222,116
Exp1,A,NA,bet,5,13,127,127,117
Exp1,A,NA,pet,1,98,93,191,152
Exp1,A,NA,pet,2,63,123,152,202
Exp1,A,NA,pet,3,80,159,157,175
Exp1,A,NA,pet,4,83,117,163,157
Exp1,A,NA,pet,5,52,145,94,211
Exp1,A,NA,bub,1,8,173,80,66
Exp1,A,NA,bub,2,19,183,82,102
Exp1,A,NA,bub,3,NA,NA,NA,NA
Exp1,A,NA,bub,4,4,171,104,85
Exp1,A,NA,bub,5,11,169,87,53
Exp1,A,NA,pub,1,88,167,118,22
Exp1,A,NA,pub,2,102,154,97,105
Exp1,A,NA,pub,3,76,172,105,74
Exp1,A,NA,pub,4,124,155,83,128
Exp1,A,NA,pub,5,82,139,84,69
Exp1,A,NA,duck,1,19,115,119,111
Exp1,A,NA,duck,2,28,110,140,98
Exp1,A,NA,duck,3,15,114,141,69
Exp1,A,NA,duck,4,17,128,160,177
Exp1,A,NA,duck,5,12,86,157,46
Exp1,A,NA,tuck,1,90,89,146,109
Exp1,A,NA,tuck,2,104,106,144,106
Exp1,A,NA,tuck,3,92,91,145,60
Exp1,A,NA,tuck,4,81,99,117,53
Exp1,A,NA,tuck,5,70,106,118,117
Exp1,A,NA,dug,1,17,203,80,48
Exp1,A,NA,dug,2,15,219,82,49
Exp1,A,NA,dug,3,16,222,84,74
Exp1,A,NA,dug,4,21,197,79,85
Exp1,A,NA,dug,5,28,216,79,59
Exp1,A,NA,tug,1,81,189,94,98
Exp1,A,NA,tug,2,141,188,75,80
Exp1,A,NA,tug,3,125,172,78,22
Exp1,A,NA,tug,4,105,160,87,100
Exp1,A,NA,tug,5,110,205,94,94
Exp1,A,NA,dip,1,22,98,111,140
Exp1,A,NA,dip,2,10,94,130,72
Exp1,A,NA,dip,3,15,96,136,117
Exp1,A,NA,dip,4,16,92,119,38
Exp1,A,NA,dip,5,21,99,104,102
Exp1,A,NA,tip,1,86,125,90,315
Exp1,A,NA,tip,2,79,79,151,115
Exp1,A,NA,tip,3,50,82,146,76
Exp1,A,NA,tip,4,71,80,120,121
Exp1,A,NA,tip,5,71,65,184,68
Exp1,A,NA,dab,1,4,312,79,68
Exp1,A,NA,dab,2,19,288,94,104
Exp1,A,NA,dab,3,17,310,94,103
Exp1,A,NA,dab,4,13,343,89,128
Exp1,A,NA,dab,5,20,322,118,32
Exp1,A,NA,tab,1,79,235,100,66
Exp1,A,NA,tab,2,130,236,100,80
Exp1,A,NA,tab,3,94,255,90,104
Exp1,A,NA,tab,4,102,277,72,100
Exp1,A,NA,tab,5,97,291,69,101
Exp1,A,NA,dub,1,NA,NA,NA,NA
Exp1,A,NA,dub,2,12,188,80,95
Exp1,A,NA,dub,3,22,192,97,87
Exp1,A,NA,dub,4,12,170,124,66
Exp1,A,NA,dub,5,18,178,118,50
Exp1,A,NA,tub,1,99,158,71,75
Exp1,A,NA,tub,2,116,160,77,116
Exp1,A,NA,tub,3,113,172,84,92
Exp1,A,NA,tub,4,126,152,90,86
Exp1,A,NA,tub,5,79,170,86,93
Exp1,A,NA,good,1,35,192,58,112
Exp1,A,NA,good,2,NA,NA,NA,NA
Exp1,A,NA,good,3,NA,NA,NA,NA
Exp1,A,NA,good,4,37,220,76,124
Exp1,A,NA,good,5,NA,NA,NA,NA
Exp1,A,NA,could,1,88,172,62,159
Exp1,A,NA,could,2,113,190,52,93
Exp1,A,NA,could,3,121,195,94,82
Exp1,A,NA,could,4,93,175,53,102
Exp1,A,NA,could,5,86,201,38,92
Exp1,A,NA,goat,1,NA,NA,NA,NA
Exp1,A,NA,goat,2,31,120,151,117
Exp1,A,NA,goat,3,22,183,75,193
Exp1,A,NA,goat,4,25,158,117,169
Exp1,A,NA,goat,5,NA,NA,NA,NA
Exp1,A,NA,coat,1,97,170,96,196
Exp1,A,NA,coat,2,93,111,136,125
Exp1,A,NA,coat,3,90,151,97,232
Exp1,A,NA,coat,4,84,120,119,172
Exp1,A,NA,coat,5,89,96,145,122
Exp1,A,NA,gut,1,23,165,126,180
Exp1,A,NA,gut,2,20,142,138,119
Exp1,A,NA,gut,3,24,118,159,111
Exp1,A,NA,gut,4,32,119,143,122
Exp1,A,NA,gut,5,15,136,152,120
Exp1,A,NA,cut,1,78,128,68,136
Exp1,A,NA,cut,2,103,96,140,167
Exp1,A,NA,cut,3,96,119,166,224
Exp1,A,NA,cut,4,105,98,160,84
Exp1,A,NA,cut,5,101,121,122,211
Exp1,A,NA,gap,1,19,208,124,54
Exp1,A,NA,gap,2,22,205,147,47
Exp1,A,NA,gap,3,21,189,130,133
Exp1,A,NA,gap,4,24,182,121,55
Exp1,A,NA,gap,5,24,195,126,11
Exp1,A,NA,cap,1,81,160,93,83
Exp1,A,NA,cap,2,68,154,122,84
Exp1,A,NA,cap,3,96,165,154,76
Exp1,A,NA,cap,4,87,167,115,47
Exp1,A,NA,cap,5,85,148,129,94
Exp1,A,NA,gape,1,27,146,126,49
Exp1,A,NA,gape,2,22,157,140,20
Exp1,A,NA,gape,3,22,159,115,71
Exp1,A,NA,gape,4,14,161,101,127
Exp1,A,NA,gape,5,22,127,129,9
Exp1,A,NA,cape,1,80,131,128,61
Exp1,A,NA,cape,2,NA,NA,NA,NA
Exp1,A,NA,cape,3,72,135,122,31
Exp1,A,NA,cape,4,57,165,153,14
Exp1,A,NA,cape,5,81,146,92,15
Exp1,B,NA,back,1,13,230,143,167
Exp1,B,NA,back,2,12,244,143,127
Exp1,B,NA,back,3,10,232,158,190
Exp1,B,NA,back,4,11,204,140,223
Exp1,B,NA,back,5,11,250,141,112
Exp1,B,NA,pack,1,53,206,154,110
Exp1,B,NA,pack,2,51,215,143,127
Exp1,B,NA,pack,3,34,224,149,99
Exp1,B,NA,pack,4,61,201,148,108
Exp1,B,NA,pack,5,39,214,133,135
Exp1,B,NA,big,1,11,190,84,128
Exp1,B,NA,big,2,10,216,92,131
Exp1,B,NA,big,3,9,202,93,120
Exp1,B,NA,big,4,17,194,87,105
Exp1,B,NA,big,5,11,209,89,125
Exp1,B,NA,pig,1,50,185,95,97
Exp1,B,NA,pig,2,39,183,88,100
Exp1,B,NA,pig,3,30,191,88,86
Exp1,B,NA,pig,4,43,215,93,134
Exp1,B,NA,pig,5,47,175,87,131
Exp1,B,NA,bat,1,14,224,132,173
Exp1,B,NA,bat,2,11,210,157,173
Exp1,B,NA,bat,3,10,236,108,155
Exp1,B,NA,bat,4,12,245,113,141
Exp1,B,NA,bat,5,15,210,134,155
Exp1,B,NA,pat,1,58,208,128,130
Exp1,B,NA,pat,2,52,242,121,176
Exp1,B,NA,pat,3,55,203,123,186
Exp1,B,NA,pat,4,72,204,135,164
Exp1,B,NA,pat,5,59,196,110,134
Exp1,B,NA,bet,1,11,163,112,168
Exp1,B,NA,bet,2,9,149,116,160
Exp1,B,NA,bet,3,11,142,141,143
Exp1,B,NA,bet,4,9,153,110,170
Exp1,B,NA,bet,5,13,153,136,183
Exp1,B,NA,pet,1,53,157,89,167
Exp1,B,NA,pet,2,58,157,108,118
Exp1,B,NA,pet,3,31,167,111,162
Exp1,B,NA,pet,4,43,134,118,125
Exp1,B,NA,pet,5,60,171,98,155
Exp1,B,NA,bub,1,10,169,94,104
Exp1,B,NA,bub,2,11,167,95,93
Exp1,B,NA,bub,3,10,164,95,107
Exp1,B,NA,bub,4,11,176,92,105
Exp1,B,NA,bub,5,14,173,89,96
Exp1,B,NA,pub,1,65,136,107,75
Exp1,B,NA,pub,2,68,166,103,106
Exp1,B,NA,pub,3,43,174,90,71
Exp1,B,NA,pub,4,52,161,105,77
Exp1,B,NA,pub,5,50,168,102,54
Exp1,B,NA,duck,1,16,161,117,102
Exp1,B,NA,duck,2,14,154,128,103
Exp1,B,NA,duck,3,16,156,133,112
Exp1,B,NA,duck,4,14,165,138,128
Exp1,B,NA,duck,5,15,168,135,108
Exp1,B,NA,tuck,1,76,142,127,116
Exp1,B,NA,tuck,2,42,129,144,173
Exp1,B,NA,tuck,3,65,112,165,119
Exp1,B,NA,tuck,4,63,134,138,90
Exp1,B,NA,tuck,5,57,165,134,85
Exp1,B,NA,dug,1,13,215,105,86
Exp1,B,NA,dug,2,14,210,102,138
Exp1,B,NA,dug,3,13,204,94,125
Exp1,B,NA,dug,4,13,244,92,161
Exp1,B,NA,dug,5,24,192,74,116
Exp1,B,NA,tug,1,65,193,94,104
Exp1,B,NA,tug,2,72,233,82,141
Exp1,B,NA,tug,3,54,161,103,111
Exp1,B,NA,tug,4,69,205,98,166
Exp1,B,NA,tug,5,63,214,95,128
Exp1,B,NA,dip,1,14,147,123,65
Exp1,B,NA,dip,2,13,145,122,108
Exp1,B,NA,dip,3,12,154,123,122
Exp1,B,NA,dip,4,16,152,120,91
Exp1,B,NA,dip,5,22,154,128,83
Exp1,B,NA,tip,1,62,121,145,91
Exp1,B,NA,tip,2,61,127,131,110
Exp1,B,NA,tip,3,53,112,95,125
Exp1,B,NA,tip,4,69,129,136,120
Exp1,B,NA,tip,5,55,138,123,87
Exp1,B,NA,dab,1,14,272,116,83
Exp1,B,NA,dab,2,15,323,90,104
Exp1,B,NA,dab,3,10,294,97,111
Exp1,B,NA,dab,4,17,312,99,145
Exp1,B,NA,dab,5,23,372,110,104
Exp1,B,NA,tab,1,73,245,99,59
Exp1,B,NA,tab,2,71,300,69,142
Exp1,B,NA,tab,3,69,305,91,110
Exp1,B,NA,tab,4,61,320,97,102
Exp1,B,NA,tab,5,64,284,90,100
Exp1,B,NA,dub,1,17,200,109,125
Exp1,B,NA,dub,2,14,207,88,110
Exp1,B,NA,dub,3,13,189,108,116
Exp1,B,NA,dub,4,13,208,98,91
Exp1,B,NA,dub,5,24,196,85,67
Exp1,B,NA,tub,1,70,167,102,109
Exp1,B,NA,tub,2,79,188,83,114
Exp1,B,NA,tub,3,65,182,80,85
Exp1,B,NA,tub,4,70,193,91,168
Exp1,B,NA,tub,5,51,181,93,101
Exp1,B,NA,good,1,30,193,84,91
Exp1,B,NA,good,2,16,236,82,117
Exp1,B,NA,good,3,12,242,71,134
Exp1,B,NA,good,4,17,219,87,171
Exp1,B,NA,good,5,22,227,69,84
Exp1,B,NA,could,1,78,218,81,139
Exp1,B,NA,could,2,69,236,63,108
Exp1,B,NA,could,3,66,218,81,143
Exp1,B,NA,could,4,82,241,71,82
Exp1,B,NA,could,5,63,272,82,155
Exp1,B,NA,goat,1,15,187,130,126
Exp1,B,NA,goat,2,29,178,128,232
Exp1,B,NA,goat,3,12,168,108,252
Exp1,B,NA,goat,4,27,168,199,225
Exp1,B,NA,goat,5,17,184,117,215
Exp1,B,NA,coat,1,54,163,111,203
Exp1,B,NA,coat,2,43,154,182,205
Exp1,B,NA,coat,3,32,151,152,198
Exp1,B,NA,coat,4,70,164,118,173
Exp1,B,NA,coat,5,60,172,97,196
Exp1,B,NA,gut,1,29,152,115,140
Exp1,B,NA,gut,2,23,151,120,125
Exp1,B,NA,gut,3,23,163,91,211
Exp1,B,NA,gut,4,34,158,101,148
Exp1,B,NA,gut,5,21,147,102,190
Exp1,B,NA,cut,1,51,137,125,147
Exp1,B,NA,cut,2,89,134,90,100
Exp1,B,NA,cut,3,64,138,127,146
Exp1,B,NA,cut,4,52,126,143,188
Exp1,B,NA,cut,5,64,149,106,161
Exp1,B,NA,gap,1,18,204,132,63
Exp1,B,NA,gap,2,14,206,118,96
Exp1,B,NA,gap,3,18,200,248,111
Exp1,B,NA,gap,4,24,216,118,116
Exp1,B,NA,gap,5,22,208,103,93
Exp1,B,NA,cap,1,64,206,144,93
Exp1,B,NA,cap,2,52,215,128,118
Exp1,B,NA,cap,3,64,178,166,94
Exp1,B,NA,cap,4,66,206,137,96
Exp1,B,NA,cap,5,46,199,111,144
Exp1,B,NA,gape,1,20,179,135,115
Exp1,B,NA,gape,2,15,194,125,344
Exp1,B,NA,gape,3,15,192,173,33
Exp1,B,NA,gape,4,27,171,143,111
Exp1,B,NA,gape,5,26,182,160,84
Exp1,B,NA,cape,1,52,177,123,130
Exp1,B,NA,cape,2,36,175,183,173
Exp1,B,NA,cape,3,64,155,131,53
Exp1,B,NA,cape,4,51,169,134,137
Exp1,B,NA,cape,5,60,173,120,104
Exp1,C,NA,back,1,12,189,89,105
Exp1,C,NA,back,2,15,187,88,113
Exp1,C,NA,back,3,12,200,86,99
Exp1,C,NA,back,4,12,178,76,126
Exp1,C,NA,back,5,10,181,90,46
Exp1,C,NA,pack,1,61,171,91,116
Exp1,C,NA,pack,2,55,150,82,47
Exp1,C,NA,pack,3,78,169,72,92
Exp1,C,NA,pack,4,96,152,83,114
Exp1,C,NA,pack,5,66,178,92,26
Exp1,C,NA,big,1,13,204,58,100
Exp1,C,NA,big,2,8,197,72,143
Exp1,C,NA,big,3,12,189,66,103
Exp1,C,NA,big,4,9,189,65,122
Exp1,C,NA,big,5,10,181,74,69
Exp1,C,NA,pig,1,57,175,80,65
Exp1,C,NA,pig,2,54,209,81,114
Exp1,C,NA,pig,3,75,173,63,149
Exp1,C,NA,pig,4,66,167,64,161
Exp1,C,NA,pig,5,47,177,60,116
Exp1,C,NA,bat,1,9,216,96,105
Exp1,C,NA,bat,2,8,247,78,84
Exp1,C,NA,bat,3,8,204,63,138
Exp1,C,NA,bat,4,9,203,79,89
Exp1,C,NA,bat,5,10,196,69,71
Exp1,C,NA,pat,1,99,145,88,114
Exp1,C,NA,pat,2,75,173,64,95
Exp1,C,NA,pat,3,94,179,64,112
Exp1,C,NA,pat,4,71,163,102,127
Exp1,C,NA,pat,5,72,177,73,83
Exp1,C,NA,bet,1,7,158,80,124
Exp1,C,NA,bet,2,9,130,84,111
Exp1,C,NA,bet,3,6,173,67,92
Exp1,C,NA,bet,4,7,139,85,83
Exp1,C,NA,bet,5,8,156,82,98
Exp1,C,NA,pet,1,80,123,84,79
Exp1,C,NA,pet,2,48,143,78,120
Exp1,C,NA,pet,3,74,124,72,108
Exp1,C,NA,pet,4,79,110,79,71
Exp1,C,NA,pet,5,53,159,72,87
Exp1,C,NA,bub,1,6,160,106,90
Exp1,C,NA,bub,2,7,151,69,126
Exp1,C,NA,bub,3,10,140,72,122
Exp1,C,NA,bub,4,NA,NA,NA,NA
Exp1,C,NA,bub,5,7,172,79,77
Exp1,C,NA,pub,1,62,129,75,115
Exp1,C,NA,pub,2,75,140,72,105
Exp1,C,NA,pub,3,56,124,96,104
Exp1,C,NA,pub,4,61,129,69,98
Exp1,C,NA,pub,5,51,150,86,128
Exp1,C,NA,duck,1,21,132,90,24
Exp1,C,NA,duck,2,16,152,79,71
Exp1,C,NA,duck,3,10,154,74,77
Exp1,C,NA,duck,4,12,152,72,97
Exp1,C,NA,duck,5,11,150,74,54
Exp1,C,NA,tuck,1,56,112,83,82
Exp1,C,NA,tuck,2,52,114,80,93
Exp1,C,NA,tuck,3,68,105,79,76
Exp1,C,NA,tuck,4,32,137,82,97
Exp1,C,NA,tuck,5,46,124,73,98
Exp1,C,NA,dug,1,11,189,73,107
Exp1,C,NA,dug,2,11,203,79,156
Exp1,C,NA,dug,3,10,210,65,90
Exp1,C,NA,dug,4,15,201,70,93
Exp1,C,NA,dug,5,13,188,69,80
Exp1,C,NA,tug,1,58,181,70,126
Exp1,C,NA,tug,2,79,183,76,124
Exp1,C,NA,tug,3,56,185,60,148
Exp1,C,NA,tug,4,73,178,63,107
Exp1,C,NA,tug,5,56,192,66,96
Exp1,C,NA,dip,1,22,93,84,79
Exp1,C,NA,dip,2,15,95,80,105
Exp1,C,NA,dip,3,16,85,83,119
Exp1,C,NA,dip,4,16,93,81,110
Exp1,C,NA,dip,5,18,107,77,88
Exp1,C,NA,tip,1,62,93,73,98
Exp1,C,NA,tip,2,49,84,82,89
Exp1,C,NA,tip,3,51,93,55,101
Exp1,C,NA,tip,4,41,73,84,70
Exp1,C,NA,tip,5,68,78,64,74
Exp1,C,NA,dab,1,13,224,57,135
Exp1,C,NA,dab,2,14,230,63,90
Exp1,C,NA,dab,3,11,232,53,112
Exp1,C,NA,dab,4,12,223,58,91
Exp1,C,NA,dab,5,17,230,78,66
Exp1,C,NA,tab,1,67,221,83,70
Exp1,C,NA,tab,2,80,227,61,77
Exp1,C,NA,tab,3,86,206,66,117
Exp1,C,NA,tab,4,59,209,71,85
Exp1,C,NA,tab,5,69,212,59,89
Exp1,C,NA,dub,1,12,166,72,120
Exp1,C,NA,dub,2,15,181,74,115
Exp1,C,NA,dub,3,11,170,73,139
Exp1,C,NA,dub,4,11,183,62,103
Exp1,C,NA,dub,5,11,193,91,58
Exp1,C,NA,tub,1,70,153,66,145
Exp1,C,NA,tub,2,60,157,66,89
Exp1,C,NA,tub,3,70,169,60,110
Exp1,C,NA,tub,4,58,168,62,107
Exp1,C,NA,tub,5,47,159,70,96
Exp1,C,NA,good,1,20,202,41,162
Exp1,C,NA,good,2,20,225,35,166
Exp1,C,NA,good,3,20,210,39,165
Exp1,C,NA,good,4,32,205,47,74
Exp1,C,NA,good,5,22,210,48,80
Exp1,C,NA,could,1,72,186,37,180
Exp1,C,NA,could,2,61,178,33,137
Exp1,C,NA,could,3,61,191,32,129
Exp1,C,NA,could,4,65,180,36,142
Exp1,C,NA,could,5,72,200,48,83
Exp1,C,NA,goat,1,24,169,77,108
Exp1,C,NA,goat,2,22,192,57,110
Exp1,C,NA,goat,3,15,192,70,88
Exp1,C,NA,goat,4,29,175,94,137
Exp1,C,NA,goat,5,20,177,57,111
Exp1,C,NA,coat,1,75,153,92,168
Exp1,C,NA,coat,2,75,167,103,92
Exp1,C,NA,coat,3,78,162,89,168
Exp1,C,NA,coat,4,75,146,79,141
Exp1,C,NA,coat,5,60,169,87,98
Exp1,C,NA,gut,1,16,168,72,84
Exp1,C,NA,gut,2,27,152,78,82
Exp1,C,NA,gut,3,29,147,84,66
Exp1,C,NA,gut,4,33,135,85,78
Exp1,C,NA,gut,5,28,155,87,105
Exp1,C,NA,cut,1,95,114,73,141
Exp1,C,NA,cut,2,77,95,86,144
Exp1,C,NA,cut,3,81,112,79,116
Exp1,C,NA,cut,4,80,91,84,79
Exp1,C,NA,cut,5,81,111,62,111
Exp1,C,NA,gap,1,23,190,78,86
Exp1,C,NA,gap,2,18,177,68,124
Exp1,C,NA,gap,3,21,176,74,119
Exp1,C,NA,gap,4,19,186,63,61
Exp1,C,NA,gap,5,17,186,67,92
Exp1,C,NA,cap,1,74,179,68,101
Exp1,C,NA,cap,2,90,152,80,120
Exp1,C,NA,cap,3,74,168,73,134
Exp1,C,NA,cap,4,76,149,80,92
Exp1,C,NA,cap,5,NA,NA,NA,NA
Exp1,C,NA,gape,1,18,154,69,107
Exp1,C,NA,gape,2,15,166,79,65
Exp1,C,NA,gape,3,23,155,65,141
Exp1,C,NA,gape,4,22,142,76,138
Exp1,C,NA,gape,5,20,151,67,90
Exp1,C,NA,cape,1,65,148,80,100
Exp1,C,NA,cape,2,68,136,71,90
Exp1,C,NA,cape,3,79,130,71,109
Exp1,C,NA,cape,4,64,118,61,80
Exp1,C,NA,cape,5,48,140,74,64
Exp1,D,NA,back,1,10,163,131,156
Exp1,D,NA,back,2,2,235,117,154
Exp1,D,NA,back,3,9,211,159,221
Exp1,D,NA,back,4,0,223,134,209
Exp1,D,NA,back,5,7,240,133,167
Exp1,D,NA,pack,1,93,207,88,144
Exp1,D,NA,pack,2,75,194,149,118
Exp1,D,NA,pack,3,58,199,135,142
Exp1,D,NA,pack,4,60,212,124,198
Exp1,D,NA,pack,5,50,178,143,170
Exp1,D,NA,big,1,8,163,73,149
Exp1,D,NA,big,2,9,176,70,152
Exp1,D,NA,big,3,7,184,71,134
Exp1,D,NA,big,4,21,245,85,93
Exp1,D,NA,big,5,3,191,92,159
Exp1,D,NA,pig,1,75,183,83,139
Exp1,D,NA,pig,2,23,179,86,91
Exp1,D,NA,pig,3,66,192,72,133
Exp1,D,NA,pig,4,55,206,85,76
Exp1,D,NA,pig,5,56,213,77,154
Exp1,D,NA,bat,1,9,276,92,193
Exp1,D,NA,bat,2,8,253,101,229
Exp1,D,NA,bat,3,3,181,154,165
Exp1,D,NA,bat,4,8,260,116,170
Exp1,D,NA,bat,5,3,206,142,213
Exp1,D,NA,pat,1,35,168,120,161
Exp1,D,NA,pat,2,60,174,108,130
Exp1,D,NA,pat,3,52,232,128,179
Exp1,D,NA,pat,4,63,197,109,167
Exp1,D,NA,pat,5,84,201,130,209
Exp1,D,NA,bet,1,6,179,80,205
Exp1,D,NA,bet,2,11,166,115,289
Exp1,D,NA,bet,3,6,173,118,91
Exp1,D,NA,bet,4,7,254,141,203
Exp1,D,NA,bet,5,7,192,140,59
Exp1,D,NA,pet,1,63,159,112,128
Exp1,D,NA,pet,2,57,189,125,166
Exp1,D,NA,pet,3,58,160,116,117
Exp1,D,NA,pet,4,51,189,86,202
Exp1,D,NA,pet,5,47,182,118,234
Exp1,D,NA,bub,1,7,193,86,122
Exp1,D,NA,bub,2,7,202,94,121
Exp1,D,NA,bub,3,9,199,90,260
Exp1,D,NA,bub,4,12,233,79,135
Exp1,D,NA,bub,5,2,206,73,123
Exp1,D,NA,pub,1,87,182,57,109
Exp1,D,NA,pub,2,28,226,106,128
Exp1,D,NA,pub,3,62,225,106,103
Exp1,D,NA,pub,4,52,278,125,94
Exp1,D,NA,pub,5,68,194,110,86
Exp1,D,NA,duck,1,9,162,107,163
Exp1,D,NA,duck,2,21,158,116,201
Exp1,D,NA,duck,3,25,168,120,107
Exp1,D,NA,duck,4,19,183,114,176
Exp1,D,NA,duck,5,25,170,133,196
Exp1,D,NA,tuck,1,71,149,106,165
Exp1,D,NA,tuck,2,68,150,112,159
Exp1,D,NA,tuck,3,71,151,114,173
Exp1,D,NA,tuck,4,57,148,112,168
Exp1,D,NA,tuck,5,70,149,118,132
Exp1,D,NA,dug,1,14,214,80,139
Exp1,D,NA,dug,2,23,208,92,144
Exp1,D,NA,dug,3,18,194,91,121
Exp1,D,NA,dug,4,27,252,82,141
Exp1,D,NA,dug,5,18,229,92,126
Exp1,D,NA,tug,1,62,163,73,131
Exp1,D,NA,tug,2,77,170,85,122
Exp1,D,NA,tug,3,63,228,110,91
Exp1,D,NA,tug,4,61,209,94,19
Exp1,D,NA,tug,5,52,203,91,140
Exp1,D,NA,dip,1,22,133,139,175
Exp1,D,NA,dip,2,35,155,114,178
Exp1,D,NA,dip,3,23,139,121,87
Exp1,D,NA,dip,4,10,165,116,217
Exp1,D,NA,dip,5,22,167,144,137
Exp1,D,NA,tip,1,63,109,110,150
Exp1,D,NA,tip,2,81,136,85,155
Exp1,D,NA,tip,3,62,122,81,191
Exp1,D,NA,tip,4,83,147,108,130
Exp1,D,NA,tip,5,70,159,154,164
Exp1,D,NA,dab,1,16,239,101,50
Exp1,D,NA,dab,2,21,245,104,114
Exp1,D,NA,dab,3,18,265,83,88
Exp1,D,NA,dab,4,26,321,95,98
Exp1,D,NA,dab,5,30,307,130,115
Exp1,D,NA,tab,1,76,230,96,151
Exp1,D,NA,tab,2,83,266,128,128
Exp1,D,NA,tab,3,76,267,82,110
Exp1,D,NA,tab,4,75,273,112,131
Exp1,D,NA,tab,5,73,239,80,119
Exp1,D,NA,dub,1,12,169,92,108
Exp1,D,NA,dub,2,17,209,96,82
Exp1,D,NA,dub,3,16,203,81,118
Exp1,D,NA,dub,4,14,228,78,81
Exp1,D,NA,dub,5,23,222,102,90
Exp1,D,NA,tub,1,81,172,103,132
Exp1,D,NA,tub,2,53,207,82,113
Exp1,D,NA,tub,3,64,194,82,97
Exp1,D,NA,tub,4,59,225,82,100
Exp1,D,NA,tub,5,61,265,90,117
Exp1,D,NA,good,1,23,164,76,129
Exp1,D,NA,good,2,18,204,64,150
Exp1,D,NA,good,3,33,248,78,169
Exp1,D,NA,good,4,16,184,77,98
Exp1,D,NA,good,5,23,213,85,156
Exp1,D,NA,could,1,83,182,63,157
Exp1,D,NA,could,2,65,176,59,23
Exp1,D,NA,could,3,88,174,58,79
Exp1,D,NA,could,4,82,174,60,181
Exp1,D,NA,could,5,95,200,57,126
Exp1,D,NA,goat,1,23,203,99,201
Exp1,D,NA,goat,2,18,210,93,164
Exp1,D,NA,goat,3,NA,NA,NA,NA
Exp1,D,NA,goat,4,31,233,117,137
Exp1,D,NA,goat,5,23,202,100,201
Exp1,D,NA,coat,1,84,188,95,131
Exp1,D,NA,coat,2,75,203,99,103
Exp1,D,NA,coat,3,78,174,121,178
Exp1,D,NA,coat,4,75,231,133,274
Exp1,D,NA,coat,5,83,206,113,203
Exp1,D,NA,gut,1,15,163,106,216
Exp1,D,NA,gut,2,14,148,122,198
Exp1,D,NA,gut,3,16,176,105,181
Exp1,D,NA,gut,4,22,172,119,120
Exp1,D,NA,gut,5,16,174,138,144
Exp1,D,NA,cut,1,69,105,120,152
Exp1,D,NA,cut,2,54,152,94,254
Exp1,D,NA,cut,3,72,170,88,54
Exp1,D,NA,cut,4,71,167,105,181
Exp1,D,NA,cut,5,57,148,132,166
Exp1,D,NA,gap,1,11,195,115,181
Exp1,D,NA,gap,2,24,264,78,224
Exp1,D,NA,gap,3,11,223,157,126
Exp1,D,NA,gap,4,20,238,105,168
Exp1,D,NA,gap,5,25,269,125,201
Exp1,D,NA,cap,1,64,137,122,198
Exp1,D,NA,cap,2,85,193,135,96
Exp1,D,NA,cap,3,69,194,121,163
Exp1,D,NA,cap,4,65,221,142,226
Exp1,D,NA,cap,5,56,186,129,138
Exp1,D,NA,gape,1,4,199,105,179
Exp1,D,NA,gape,2,25,189,96,210
Exp1,D,NA,gape,3,20,178,91,91
Exp1,D,NA,gape,4,15,192,119,196
Exp1,D,NA,gape,5,25,192,131,215
Exp1,D,NA,cape,1,79,162,122,190
Exp1,D,NA,cape,2,77,166,152,232
Exp1,D,NA,cape,3,82,174,145,104
Exp1,D,NA,cape,4,69,194,183,152
Exp1,D,NA,cape,5,64,164,216,93
Exp2,A,fast,back,1,12,163,123,70
Exp2,A,fast,back,2,10,157,98,84
Exp2,A,fast,back,3,10,195,120,100
Exp2,A,fast,back,4,10,209,125,102
Exp2,A,fast,back,5,11,185,101,82
Exp2,A,fast,pack,1,41,148,121,82
Exp2,A,fast,pack,2,40,191,126,101
Exp2,A,fast,pack,3,37,197,107,91
Exp2,A,fast,pack,4,60,195,136,142
Exp2,A,fast,pack,5,41,188,123,8
Exp2,A,fast,big,1,10,146,76,34
Exp2,A,fast,big,2,12,180,90,28
Exp2,A,fast,big,3,9,152,90,36
Exp2,A,fast,big,4,11,204,89,58
Exp2,A,fast,big,5,NA,NA,NA,NA
Exp2,A,fast,pig,1,48,135,105,19
Exp2,A,fast,pig,2,46,156,95,39
Exp2,A,fast,pig,3,43,212,82,23
Exp2,A,fast,pig,4,54,191,84,94
Exp2,A,fast,pig,5,49,175,100,39
Exp2,A,fast,dab,1,12,275,78,37
Exp2,A,fast,dab,2,14,233,70,10
Exp2,A,fast,dab,3,10,277,104,98
Exp2,A,fast,dab,4,13,313,72,122
Exp2,A,fast,dab,5,22,230,57,67
Exp2,A,fast,tab,1,36,174,66,63
Exp2,A,fast,tab,2,30,246,70,27
Exp2,A,fast,tab,3,29,230,71,103
Exp2,A,fast,tab,4,61,282,67,52
Exp2,A,fast,tab,5,27,289,72,22
Exp2,A,fast,dug,1,25,171,66,5
Exp2,A,fast,dug,2,18,196,99,19
Exp2,A,fast,dug,3,6,211,73,62
Exp2,A,fast,dug,4,18,199,88,5
Exp2,A,fast,dug,5,11,239,47,21
Exp2,A,fast,tug,1,51,163,85,12
Exp2,A,fast,tug,2,51,199,71,81
Exp2,A,fast,tug,3,54,209,82,83
Exp2,A,fast,tug,4,62,197,84,72
Exp2,A,fast,tug,5,51,194,58,14
Exp2,A,fast,goat,1,19,174,102,106
Exp2,A,fast,goat,2,12,205,52,35
Exp2,A,fast,goat,3,11,260,155,19
Exp2,A,fast,goat,4,17,208,75,44
Exp2,A,fast,goat,5,19,177,73,12
Exp2,A,fast,coat,1,51,151,53,187
Exp2,A,fast,coat,2,82,181,109,278
Exp2,A,fast,coat,3,72,214,98,131
Exp2,A,fast,coat,4,58,181,176,17
Exp2,A,fast,coat,5,67,183,101,5
Exp2,A,fast,good,1,18,178,76,13
Exp2,A,fast,good,2,20,217,54,6
Exp2,A,fast,good,3,24,200,49,25
Exp2,A,fast,good,4,27,192,50,61
Exp2,A,fast,good,5,16,190,40,141
Exp2,A,fast,could,1,61,139,65,9
Exp2,A,fast,could,2,68,186,60,7
Exp2,A,fast,could,3,61,147,44,32
Exp2,A,fast,could,4,82,182,62,13
Exp2,A,fast,could,5,57,156,42,89
Exp2,A,slow,back,1,10,205,157,105
Exp2,A,slow,back,2,10,231,176,49
Exp2,A,slow,back,3,9,187,226,123
Exp2,A,slow,back,4,10,179,205,110
Exp2,A,slow,back,5,7,206,219,235
Exp2,A,slow,pack,1,62,178,185,168
Exp2,A,slow,pack,2,51,141,222,88
Exp2,A,slow,pack,3,58,167,210,205
Exp2,A,slow,pack,4,49,178,186,166
Exp2,A,slow,pack,5,63,171,200,110
Exp2,A,slow,big,1,5,203,139,46
Exp2,A,slow,big,2,10,202,133,67
Exp2,A,slow,big,3,5,225,144,61
Exp2,A,slow,big,4,9,208,116,15
Exp2,A,slow,big,5,10,207,120,50
Exp2,A,slow,pig,1,65,199,122,80
Exp2,A,slow,pig,2,67,182,132,14
Exp2,A,slow,pig,3,55,223,133,15
Exp2,A,slow,pig,4,50,187,154,18
Exp2,A,slow,pig,5,69,201,137,28
Exp2,A,slow,dab,1,10,307,111,64
Exp2,A,slow,dab,2,21,295,108,45
Exp2,A,slow,dab,3,12,329,94,102
Exp2,A,slow,dab,4,14,296,102,36
Exp2,A,slow,dab,5,15,306,112,66
Exp2,A,slow,tab,1,60,262,95,15
Exp2,A,slow,tab,2,75,273,96,87
Exp2,A,slow,tab,3,80,286,98,40
Exp2,A,slow,tab,4,76,292,66,22
Exp2,A,slow,tab,5,105,260,100,10
Exp2,A,slow,dug,1,9,233,122,67
Exp2,A,slow,dug,2,19,238,111,57
Exp2,A,slow,dug,3,11,211,88,30
Exp2,A,slow,dug,4,10,213,106,16
Exp2,A,slow,dug,5,11,253,106,16
Exp2,A,slow,tug,1,90,210,107,28
Exp2,A,slow,tug,2,93,194,119,29
Exp2,A,slow,tug,3,92,208,106,94
Exp2,A,slow,tug,4,78,195,118,74
Exp2,A,slow,tug,5,47,225,126,58
Exp2,A,slow,goat,1,26,170,184,195
Exp2,A,slow,goat,2,19,201,161,116
Exp2,A,slow,goat,3,14,203,187,264
Exp2,A,slow,goat,4,21,197,201,142
Exp2,A,slow,goat,5,23,229,48,13
Exp2,A,slow,coat,1,86,179,209,173
Exp2,A,slow,coat,2,89,192,179,154
Exp2,A,slow,coat,3,85,184,181,173
Exp2,A,slow,coat,4,94,188,142,173
Exp2,A,slow,coat,5,117,180,191,159
Exp2,A,slow,good,1,16,229,88,32
Exp2,A,slow,good,2,28,220,75,15
Exp2,A,slow,good,3,25,216,87,14
Exp2,A,slow,good,4,26,221,102,11
Exp2,A,slow,good,5,20,226,86,7
Exp2,A,slow,could,1,92,177,67,70
Exp2,A,slow,could,2,141,191,92,48
Exp2,A,slow,could,3,97,206,63,27
Exp2,A,slow,could,4,108,217,62,11
Exp2,A,slow,could,5,119,220,64,11
Exp2,B,fast,back,1,9,127,115,103
Exp2,B,fast,back,2,8,157,97,60
Exp2,B,fast,back,3,12,137,119,59
Exp2,B,fast,back,4,8,141,119,72
Exp2,B,fast,back,5,12,152,71,87
Exp2,B,fast,pack,1,35,151,118,9
Exp2,B,fast,pack,2,37,161,85,54
Exp2,B,fast,pack,3,14,137,110,66
Exp2,B,fast,pack,4,36,129,77,38
Exp2,B,fast,pack,5,32,129,87,50
Exp2,B,fast,big,1,12,160,41,90
Exp2,B,fast,big,2,8,154,76,74
Exp2,B,fast,big,3,9,157,79,61
Exp2,B,fast,big,4,9,117,70,76
Exp2,B,fast,big,5,7,148,78,89
Exp2,B,fast,pig,1,43,148,40,88
Exp2,B,fast,pig,2,15,175,237,5
Exp2,B,fast,pig,3,45,131,75,49
Exp2,B,fast,pig,4,19,112,71,118
Exp2,B,fast,pig,5,22,147,52,81
Exp2,B,fast,dab,1,8,214,54,74
Exp2,B,fast,dab,2,12,197,69,85
Exp2,B,fast,dab,3,8,169,67,0
Exp2,B,fast,dab,4,9,156,38,76
Exp2,B,fast,dab,5,9,162,65,70
Exp2,B,fast,tab,1,37,191,55,5
Exp2,B,fast,tab,2,48,198,49,108
Exp2,B,fast,tab,3,46,149,64,0
Exp2,B,fast,tab,4,53,147,78,0
Exp2,B,fast,tab,5,39,155,46,19
Exp2,B,fast,dug,1,12,177,57,75
Exp2,B,fast,dug,2,9,183,54,101
Exp2,B,fast,dug,3,10,147,74,95
Exp2,B,fast,dug,4,4,172,68,72
Exp2,B,fast,dug,5,8,149,38,96
Exp2,B,fast,tug,1,86,137,78,67
Exp2,B,fast,tug,2,60,141,56,55
Exp2,B,fast,tug,3,58,138,85,54
Exp2,B,fast,tug,4,54,122,74,0
Exp2,B,fast,tug,5,51,145,36,63
Exp2,B,fast,goat,1,20,148,84,6
Exp2,B,fast,goat,2,19,154,53,14
Exp2,B,fast,goat,3,NA,NA,NA,NA
Exp2,B,fast,goat,4,14,151,47,0
Exp2,B,fast,goat,5,20,139,60,8
Exp2,B,fast,coat,1,58,142,112,4
Exp2,B,fast,coat,2,41,151,53,11
Exp2,B,fast,coat,3,46,129,27,0
Exp2,B,fast,coat,4,41,134,34,10
Exp2,B,fast,coat,5,57,124,50,0
Exp2,B,fast,good,1,NA,NA,NA,NA
Exp2,B,fast,good,2,23,133,119,0
Exp2,B,fast,good,3,16,122,48,0
Exp2,B,fast,good,4,24,97,122,0
Exp2,B,fast,good,5,20,110,74,0
Exp2,B,fast,could,1,63,108,100,0
Exp2,B,fast,could,2,46,127,88,0
Exp2,B,fast,could,3,42,91,82,0
Exp2,B,fast,could,4,70,101,73,0
Exp2,B,fast,could,5,68,110,48,0
Exp2,B,slow,back,1,9,159,155,77
Exp2,B,slow,back,2,9,177,135,109
Exp2,B,slow,back,3,9,158,159,96
Exp2,B,slow,back,4,8,175,162,99
Exp2,B,slow,back,5,4,179,182,143
Exp2,B,slow,pack,1,90,127,97,105
Exp2,B,slow,pack,2,37,134,128,51
Exp2,B,slow,pack,3,60,157,124,103
Exp2,B,slow,pack,4,73,146,140,90
Exp2,B,slow,pack,5,53,165,178,106
Exp2,B,slow,big,1,4,218,82,135
Exp2,B,slow,big,2,6,174,76,118
Exp2,B,slow,big,3,9,198,101,86
Exp2,B,slow,big,4,9,202,115,106
Exp2,B,slow,big,5,NA,NA,NA,NA
Exp2,B,slow,pig,1,77,171,79,95
Exp2,B,slow,pig,2,75,157,76,62
Exp2,B,slow,pig,3,64,138,323,125
Exp2,B,slow,pig,4,46,176,96,87
Exp2,B,slow,pig,5,86,179,77,82
Exp2,B,slow,dab,1,9,261,67,79
Exp2,B,slow,dab,2,8,266,92,23
Exp2,B,slow,dab,3,6,272,80,89
Exp2,B,slow,dab,4,8,253,88,120
Exp2,B,slow,dab,5,8,249,92,63
Exp2,B,slow,tab,1,146,217,84,66
Exp2,B,slow,tab,2,107,217,82,86
Exp2,B,slow,tab,3,131,230,87,41
Exp2,B,slow,tab,4,79,217,81,59
Exp2,B,slow,tab,5,127,247,77,73
Exp2,B,slow,dug,1,4,221,76,104
Exp2,B,slow,dug,2,9,213,65,93
Exp2,B,slow,dug,3,9,220,86,70
Exp2,B,slow,dug,4,9,194,86,113
Exp2,B,slow,dug,5,9,242,97,89
Exp2,B,slow,tug,1,70,185,78,132
Exp2,B,slow,tug,2,106,193,71,105
Exp2,B,slow,tug,3,75,165,66,81
Exp2,B,slow,tug,4,126,179,88,71
Exp2,B,slow,tug,5,83,164,89,89
Exp2,B,slow,goat,1,NA,NA,NA,NA
Exp2,B,slow,goat,2,27,148,145,152
Exp2,B,slow,goat,3,17,155,139,121
Exp2,B,slow,goat,4,22,186,108,144
Exp2,B,slow,goat,5,14,184,112,150
Exp2,B,slow,coat,1,62,147,127,147
Exp2,B,slow,coat,2,81,131,122,117
Exp2,B,slow,coat,3,75,132,106,134
Exp2,B,slow,coat,4,90,165,88,76
Exp2,B,slow,coat,5,64,156,98,175
Exp2,B,slow,good,1,26,163,74,62
Exp2,B,slow,good,2,NA,NA,NA,NA
Exp2,B,slow,good,3,NA,NA,NA,NA
Exp2,B,slow,good,4,22,181,80,92
Exp2,B,slow,good,5,NA,NA,NA,NA
Exp2,B,slow,could,1,83,143,83,76
Exp2,B,slow,could,2,83,154,89,77
Exp2,B,slow,could,3,95,174,69,36
Exp2,B,slow,could,4,77,157,80,70
Exp2,B,slow,could,5,79,166,65,0
Exp2,C,fast,back,1,7,116,95,68
Exp2,C,fast,back,2,6,165,88,100
Exp2,C,fast,back,3,16,116,100,99
Exp2,C,fast,back,4,11,167,112,86
Exp2,C,fast,back,5,4,168,108,111
Exp2,C,fast,pack,1,32,137,127,103
Exp2,C,fast,pack,2,59,145,79,90
Exp2,C,fast,pack,3,80,112,102,41
Exp2,C,fast,pack,4,107,144,102,76
Exp2,C,fast,pack,5,46,140,120,87
Exp2,C,fast,big,1,0,165,69,134
Exp2,C,fast,big,2,7,125,66,131
Exp2,C,fast,big,3,6,147,88,57
Exp2,C,fast,big,4,8,148,72,94
Exp2,C,fast,big,5,11,142,71,46
Exp2,C,fast,pig,1,47,104,69,5
Exp2,C,fast,pig,2,51,121,67,61
Exp2,C,fast,pig,3,57,114,57,116
Exp2,C,fast,pig,4,62,122,65,69
Exp2,C,fast,pig,5,53,134,80,89
Exp2,C,fast,dab,1,9,252,61,114
Exp2,C,fast,dab,2,10,198,56,81
Exp2,C,fast,dab,3,20,176,55,63
Exp2,C,fast,dab,4,11,241,68,22
Exp2,C,fast,dab,5,12,248,59,113
Exp2,C,fast,tab,1,46,143,67,38
Exp2,C,fast,tab,2,44,193,64,65
Exp2,C,fast,tab,3,71,202,69,101
Exp2,C,fast,tab,4,53,231,76,68
Exp2,C,fast,tab,5,21,220,59,15
Exp2,C,fast,dug,1,NA,NA,NA,NA
Exp2,C,fast,dug,2,13,115,51,67
Exp2,C,fast,dug,3,14,136,47,186
Exp2,C,fast,dug,4,14,154,57,141
Exp2,C,fast,dug,5,14,150,69,9
Exp2,C,fast,tug,1,51,112,56,3
Exp2,C,fast,tug,2,50,119,40,130
Exp2,C,fast,tug,3,45,132,101,99
Exp2,C,fast,tug,4,48,128,59,10
Exp2,C,fast,tug,5,68,124,64,80
Exp2,C,fast,goat,1,16,124,69,48
Exp2,C,fast,goat,2,25,125,78,101
Exp2,C,fast,goat,3,10,119,70,202
Exp2,C,fast,goat,4,9,123,144,45
Exp2,C,fast,goat,5,NA,NA,NA,NA
Exp2,C,fast,coat,1,63,119,58,283
Exp2,C,fast,coat,2,59,73,96,109
Exp2,C,fast,coat,3,50,76,81,35
Exp2,C,fast,coat,4,55,103,70,82
Exp2,C,fast,coat,5,58,129,94,106
Exp2,C,fast,good,1,22,169,59,39
Exp2,C,fast,good,2,23,89,41,127
Exp2,C,fast,good,3,19,98,59,51
Exp2,C,fast,good,4,24,118,68,6
Exp2,C,fast,good,5,26,123,60,58
Exp2,C,fast,could,1,78,146,57,110
Exp2,C,fast,could,2,65,76,61,40
Exp2,C,fast,could,3,46,123,87,35
Exp2,C,fast,could,4,78,127,63,113
Exp2,C,fast,could,5,75,116,76,11
Exp2,C,slow,back,1,0,164,157,80
Exp2,C,slow,back,2,7,166,152,105
Exp2,C,slow,back,3,5,173,162,115
Exp2,C,slow,back,4,8,188,151,129
Exp2,C,slow,back,5,NA,NA,NA,NA
Exp2,C,slow,pack,1,83,124,177,190
Exp2,C,slow,pack,2,61,131,184,90
Exp2,C,slow,pack,3,82,139,173,136
Exp2,C,slow,pack,4,92,132,185,112
Exp2,C,slow,pack,5,85,156,213,144
Exp2,C,slow,big,1,10,204,123,136
Exp2,C,slow,big,2,0,184,94,99
Exp2,C,slow,big,3,4,198,113,122
Exp2,C,slow,big,4,6,211,93,117
Exp2,C,slow,big,5,0,216,107,124
Exp2,C,slow,pig,1,38,160,79,139
Exp2,C,slow,pig,2,52,160,94,108
Exp2,C,slow,pig,3,51,160,82,74
Exp2,C,slow,pig,4,NA,NA,NA,NA
Exp2,C,slow,pig,5,55,163,110,94
Exp2,C,slow,dab,1,16,285,80,102
Exp2,C,slow,dab,2,11,295,78,107
Exp2,C,slow,dab,3,9,278,74,145
Exp2,C,slow,dab,4,14,287,83,127
Exp2,C,slow,dab,5,10,314,86,107
Exp2,C,slow,tab,1,75,314,81,104
Exp2,C,slow,tab,2,65,237,82,107
Exp2,C,slow,tab,3,91,275,83,88
Exp2,C,slow,tab,4,86,262,93,141
Exp2,C,slow,tab,5,76,260,121,96
Exp2,C,slow,dug,1,NA,NA,NA,NA
Exp2,C,slow,dug,2,17,193,88,144
Exp2,C,slow,dug,3,15,204,76,153
Exp2,C,slow,dug,4,11,208,81,121
Exp2,C,slow,dug,5,NA,NA,NA,NA
Exp2,C,slow,tug,1,68,149,68,180
Exp2,C,slow,tug,2,81,170,93,111
Exp2,C,slow,tug,3,79,180,85,158
Exp2,C,slow,tug,4,67,175,82,145
Exp2,C,slow,tug,5,98,174,87,129
Exp2,C,slow,goat,1,15,154,140,141
Exp2,C,slow,goat,2,NA,NA,NA,NA
Exp2,C,slow,goat,3,15,168,184,102
Exp2,C,slow,goat,4,11,188,161,110
Exp2,C,slow,goat,5,16,217,143,105
Exp2,C,slow,coat,1,72,165,156,144
Exp2,C,slow,coat,2,71,139,135,102
Exp2,C,slow,coat,3,83,153,147,86
Exp2,C,slow,coat,4,68,149,141,112
Exp2,C,slow,coat,5,67,176,131,134
Exp2,C,slow,good,1,14,175,79,183
Exp2,C,slow,good,2,NA,NA,NA,NA
Exp2,C,slow,good,3,23,180,81,84
Exp2,C,slow,good,4,18,212,74,171
Exp2,C,slow,good,5,31,195,100,104
Exp2,C,slow,could,1,81,167,94,86
Exp2,C,slow,could,2,86,172,98,110
Exp2,C,slow,could,3,89,212,108,114
Exp2,C,slow,could,4,110,197,100,85
Exp2,C,slow,could,5,88,194,84,118
Exp2,D,fast,back,1,NA,NA,NA,NA
Exp2,D,fast,back,2,23,101,63,65
Exp2,D,fast,back,3,NA,NA,NA,NA
Exp2,D,fast,back,4,NA,NA,NA,NA
Exp2,D,fast,back,5,7,143,66,51
Exp2,D,fast,pack,1,28,115,80,68
Exp2,D,fast,pack,2,26,116,91,115
Exp2,D,fast,pack,3,14,96,104,87
Exp2,D,fast,pack,4,39,99,95,63
Exp2,D,fast,pack,5,42,109,104,63
Exp2,D,fast,big,1,NA,NA,NA,NA
Exp2,D,fast,big,2,10,141,52,85
Exp2,D,fast,big,3,NA,NA,NA,NA
Exp2,D,fast,big,4,11,133,49,85
Exp2,D,fast,big,5,13,129,49,91
Exp2,D,fast,pig,1,21,124,47,92
Exp2,D,fast,pig,2,19,120,49,108
Exp2,D,fast,pig,3,33,138,43,82
Exp2,D,fast,pig,4,39,130,53,120
Exp2,D,fast,pig,5,16,134,67,146
Exp2,D,fast,dab,1,13,180,49,81
Exp2,D,fast,dab,2,11,159,57,82
Exp2,D,fast,dab,3,9,175,70,0
Exp2,D,fast,dab,4,4,187,65,82
Exp2,D,fast,dab,5,12,177,57,99
Exp2,D,fast,tab,1,56,149,48,86
Exp2,D,fast,tab,2,54,189,58,115
Exp2,D,fast,tab,3,49,159,69,126
Exp2,D,fast,tab,4,45,162,65,2
Exp2,D,fast,tab,5,48,154,89,0
Exp2,D,fast,dug,1,19,121,63,83
Exp2,D,fast,dug,2,10,152,59,158
Exp2,D,fast,dug,3,12,132,45,139
Exp2,D,fast,dug,4,11,148,74,81
Exp2,D,fast,dug,5,17,140,56,65
Exp2,D,fast,tug,1,45,125,84,0
Exp2,D,fast,tug,2,40,110,78,78
Exp2,D,fast,tug,3,43,104,73,70
Exp2,D,fast,tug,4,45,128,64,77
Exp2,D,fast,tug,5,52,124,77,100
Exp2,D,fast,goat,1,14,121,58,42
Exp2,D,fast,goat,2,30,104,64,28
Exp2,D,fast,goat,3,9,136,90,61
Exp2,D,fast,goat,4,NA,NA,NA,NA
Exp2,D,fast,goat,5,30,126,88,26
Exp2,D,fast,coat,1,59,107,75,55
Exp2,D,fast,coat,2,36,120,79,73
Exp2,D,fast,coat,3,43,113,93,50
Exp2,D,fast,coat,4,36,107,52,28
Exp2,D,fast,coat,5,35,127,96,53
Exp2,D,fast,good,1,21,137,52,97
Exp2,D,fast,good,2,14,129,50,82
Exp2,D,fast,good,3,15,154,56,130
Exp2,D,fast,good,4,9,156,31,145
Exp2,D,fast,good,5,20,107,49,69
Exp2,D,fast,could,1,36,97,48,54
Exp2,D,fast,could,2,49,122,50,91
Exp2,D,fast,could,3,39,115,45,101
Exp2,D,fast,could,4,39,107,34,83
Exp2,D,fast,could,5,51,108,44,84
Exp2,D,slow,back,1,20,154,82,94
Exp2,D,slow,back,2,NA,NA,NA,NA
Exp2,D,slow,back,3,NA,NA,NA,NA
Exp2,D,slow,back,4,9,166,99,143
Exp2,D,slow,back,5,NA,NA,NA,NA
Exp2,D,slow,pack,1,45,143,112,103
Exp2,D,slow,pack,2,66,142,122,86
Exp2,D,slow,pack,3,89,147,118,109
Exp2,D,slow,pack,4,79,155,101,131
Exp2,D,slow,pack,5,63,140,82,64
Exp2,D,slow,big,1,0,209,62,143
Exp2,D,slow,big,2,10,170,70,141
Exp2,D,slow,big,3,NA,NA,NA,NA
Exp2,D,slow,big,4,8,204,45,208
Exp2,D,slow,big,5,NA,NA,NA,NA
Exp2,D,slow,pig,1,66,163,65,141
Exp2,D,slow,pig,2,36,170,52,126
Exp2,D,slow,pig,3,57,158,78,183
Exp2,D,slow,pig,4,76,178,59,173
Exp2,D,slow,pig,5,87,176,63,151
Exp2,D,slow,dab,1,15,246,73,79
Exp2,D,slow,dab,2,10,280,77,111
Exp2,D,slow,dab,3,12,252,74,137
Exp2,D,slow,dab,4,10,281,61,113
Exp2,D,slow,dab,5,10,281,66,125
Exp2,D,slow,tab,1,85,216,71,101
Exp2,D,slow,tab,2,72,221,74,122
Exp2,D,slow,tab,3,59,233,68,82
Exp2,D,slow,tab,4,63,274,65,94
Exp2,D,slow,tab,5,69,235,68,119
Exp2,D,slow,dug,1,12,190,49,179
Exp2,D,slow,dug,2,12,218,65,153
Exp2,D,slow,dug,3,12,187,65,171
Exp2,D,slow,dug,4,11,201,60,171
Exp2,D,slow,dug,5,11,229,64,128
Exp2,D,slow,tug,1,55,171,61,127
Exp2,D,slow,tug,2,87,153,72,139
Exp2,D,slow,tug,3,80,188,40,142
Exp2,D,slow,tug,4,71,167,66,137
Exp2,D,slow,tug,5,82,178,62,140
Exp2,D,slow,goat,1,19,168,108,73
Exp2,D,slow,goat,2,18,181,107,104
Exp2,D,slow,goat,3,13,175,84,85
Exp2,D,slow,goat,4,NA,NA,NA,NA
Exp2,D,slow,goat,5,NA,NA,NA,NA
Exp2,D,slow,coat,1,78,128,131,74
Exp2,D,slow,coat,2,70,122,121,75
Exp2,D,slow,coat,3,NA,NA,NA,NA
Exp2,D,slow,coat,4,86,145,121,142
Exp2,D,slow,coat,5,65,134,100,118
Exp2,D,slow,good,1,NA,NA,NA,NA
Exp2,D,slow,good,2,28,195,66,115
Exp2,D,slow,good,3,16,185,55,132
Exp2,D,slow,good,4,18,223,74,129
Exp2,D,slow,good,5,23,194,61,145
Exp2,D,slow,could,1,88,149,61,100
Exp2,D,slow,could,2,87,176,52,131
Exp2,D,slow,could,3,90,178,49,118
Exp2,D,slow,could,4,86,166,53,182
Exp2,D,slow,could,5,90,186,56,102